X1,X2,X3,X4,X5,X6,X7,X8,X9,X10,X11,X12,X13,X14,X15,X16,X17,X18,X19,X20,X21,X22,X23,X24,X25,X26,X27,X28,X29,X30,X31,X32,X33,X34,X35,X36,X37,X38,X39,X40,X41,X42,X43,X44,X45,X46,X47,X48,X49,X50,y
80.15244438,65.67158112,50.17959583,16.1519004,16.44042416,68.5940698,64.56330477,50.87597412,88.12948195,23.07407795,32.05703092,50.8326618,30.05060004,74.02731008,77.58128776,84.04644593,87.7806392,61.87364117,53.98854581,77.15708625,23.15232579,91.6031274,12.55642076,82.05718845,13.86151926,27.69605981,38.96346898,77.93065838,57.81897462,50.8713118,25.42012656,26.01314047,22.07555677,13.18382879,22.86363037,23.2312036,62.88475737,62.52063392,2.785278927,59.31097632,38.34438273,17.92155476,26.91883428,38.56519409,62.07423233,22.54469193,28.45446719,78.60168873,24.60166622,90.74043266,25.08413545
2.523884876,12.71743304,72.67063917,71.58377047,12.08849458,86.41963743,0.975648616,84.88335281,90.04093239,39.54444307,27.67842482,38.19076775,8.509917487,36.47645477,72.19997591,44.16927006,11.71769782,78.23522689,38.31438189,60.84729559,15.22547721,69.7211771,92.63182592,73.67476453,14.00807702,39.3023803,67.86812928,31.15436409,17.96301741,48.27182011,48.19424851,93.19048109,38.30467594,54.49821558,43.40494294,37.49833798,98.9725562,45.4145611,81.90839011,70.35056963,11.69853429,23.04990503,43.55445286,84.02963215,5.780389789,38.16378763,42.3263617,21.45741377,45.61787679,39.7477045,42.19167926
67.20183261,37.11431012,22.05282031,87.49049262,23.66799521,49.76856613,57.17601965,70.67732571,62.14269947,84.46501904,15.20896268,25.54982903,67.99772205,83.56257176,47.1853127,18.87187101,9.181521554,8.349875757,59.12590108,46.79507271,27.22022519,99.21681776,28.76956093,48.44520078,15.02519597,94.13686567,53.58361874,1.993304375,37.34644772,71.82676217,94.54715172,59.95931495,83.7359466,19.4859796,75.57738354,88.60517462,34.37269852,73.28000483,31.12314378,51.20321389,47.08974462,69.78461351,82.34250451,75.34266016,34.08609363,83.90335386,94.43743889,80.62089127,78.70363194,61.68041229,84.97260404
4.953185981,48.83263041,26.11020065,54.71363664,19.51089848,45.68047333,19.22705059,27.20093303,3.984704963,42.50758509,23.63540756,72.92772294,84.45152913,31.23544396,53.69667986,79.91795791,61.00129955,31.87485076,51.56998667,28.52966113,36.20325932,38.42899611,55.98762117,11.56068456,61.33872939,45.73634099,34.62263125,95.8867061,5.900475569,95.91474482,38.56412096,70.59253096,42.66558052,85.43600368,41.55313674,42.70380948,62.75231561,14.8754681,25.07900435,32.49686467,11.27668894,73.8913792,46.34415284,57.99401435,8.092710236,49.13596826,40.93679805,51.93672059,48.83538217,78.96438523,43.43497802
90.42626414,12.44551328,5.343008693,68.3420294,80.80517564,80.32718345,67.80331864,2.947237855,0.122347032,38.33450183,37.91056396,76.17830958,44.09189979,57.87410045,58.74463203,53.23201674,38.18692584,41.6432644,43.20680769,74.5957508,81.02550078,9.669624758,36.03010739,9.236850636,77.02864811,38.28609041,30.5772081,24.45656708,55.71573682,62.06155417,34.42773598,17.66783074,38.3583903,40.34467975,32.69442554,32.19759966,64.15104421,30.49825632,21.88287578,86.72967241,79.28641767,4.659678158,35.6171085,50.69830443,15.91192603,31.74103876,39.5088808,32.42140629,31.4982361,90.7398477,34.70252377
90.13200002,84.43040731,51.05391347,11.81717403,51.23219022,28.41139324,41.15624763,83.46443716,8.065209654,35.96420768,46.90205418,61.59434416,41.59902229,9.714612877,99.94388646,31.70612194,21.77346894,88.03436218,53.30104416,12.83855005,90.36935794,14.30947736,74.47101446,68.22868376,60.32202067,38.20560574,47.98648388,99.23663686,7.463279017,92.31929132,36.26428912,72.22558619,40.63870216,9.67887633,38.61110093,32.95753545,79.2518252,73.40546667,49.72886436,34.52008264,24.26634547,70.87053752,35.85119274,4.984785011,86.00109569,41.17682631,32.31705274,84.45394028,31.72428464,2.343117399,36.09617488
53.1937768,49.39079471,49.11179834,95.42471447,60.51060976,98.46543386,73.54571188,6.658781506,93.76709813,15.30867635,35.23609606,87.68990166,4.612293793,20.577444,16.93381499,57.35116738,89.50001765,66.03652944,31.36205513,5.154386885,62.81708463,44.34376797,29.82374339,21.07956635,75.34965849,16.71684592,46.83716702,15.55003626,19.89010584,15.38631991,18.67680848,9.701028909,20.16890737,19.06054523,18.06764212,18.0752502,81.94756147,5.179222464,30.65036747,98.23112646,92.36064286,3.42172177,15.59924067,5.521073146,2.410107944,15.96898537,20.28574204,7.669605315,16.92657289,61.77181778,17.8745239
27.30252193,82.83172813,3.30505881,40.34779796,9.935088689,78.72233642,43.83483864,91.90419798,75.99910551,26.53341272,69.20744744,41.91985931,74.1610209,11.27528611,10.38417351,58.61182967,15.91238561,65.84269332,60.0076759,42.75770674,68.71733277,21.56969714,78.92034403,17.43287151,29.50368689,28.33738013,96.65453255,63.60385646,94.9273508,30.21563368,27.38991613,23.27230445,30.95187188,48.48289872,32.37395602,28.31410432,29.5630797,2.707372815,4.475671169,46.10369802,7.930927002,2.180025959,27.22622654,87.12469803,0.582249556,30.59153718,29.8775954,84.78596418,29.44527774,73.08215441,28.16642839
3.530799202,7.662105211,67.29933829,48.3228843,2.447011159,4.419411789,1.959505933,41.75234584,63.40659948,80.53978653,3.215842205,26.06528327,49.9000716,34.96266815,28.61318581,22.42768423,21.07852334,0.935286214,74.41896112,45.39880042,18.61247837,97.01057349,25.04577958,6.189032039,42.68027684,84.45054165,97.43707168,90.44899617,14.32119161,16.96756475,80.72842303,86.47295833,79.14910566,20.59212499,67.03964564,67.04380962,80.52462083,33.49277873,51.04508251,81.65525985,98.66469693,22.4176005,71.33277842,2.711578365,74.51073122,68.68880992,66.48571624,74.71445631,79.6292766,61.80894144,77.89565602
7.929393672,67.56034205,4.053527769,1.159440936,94.76520622,14.52332847,77.85511883,67.33683492,11.50483571,54.98696463,4.122178466,25.48812018,3.516650782,60.4563613,46.9174068,90.292654,6.289036595,24.73925715,23.28135108,20.8579669,11.05118243,80.11668564,57.21524821,36.02161733,48.62881054,61.31609066,94.21738798,29.44910186,76.84511277,4.572914517,59.69507178,69.16855043,62.62385971,1.027185377,50.43514455,60.27612077,55.94844511,40.76007509,32.63051768,62.09361686,19.07287627,13.31162541,53.96470296,31.69798281,80.84315755,56.96026267,65.54019615,42.09771124,57.11551684,41.94869981,57.93163413
84.15505509,94.80124789,35.18710991,34.26036059,56.17377767,2.671093517,79.8799709,3.329893947,6.422867253,101.8242058,81.80090222,79.89764276,49.39181118,76.37763566,24.15024743,49.4996564,86.86474871,81.46324563,43.17580825,64.26870374,62.21691554,36.62849367,51.87203609,67.85121756,67.47484666,86.0398285,33.60112221,18.95071364,19.01018356,22.00826465,79.92728081,86.28775382,88.45358346,50.31087932,97.42151557,97.20262341,82.66683572,22.51448655,40.61767245,60.05168282,49.99205321,47.87265048,96.48562174,4.728045966,40.72990604,104.7500116,88.94752,38.81859069,104.4079162,23.27267148,92.76241316
43.12966513,49.64981193,16.58456407,36.92102474,4.066780466,34.45014381,75.81320486,20.11984359,98.61697503,7.826359116,34.06911369,46.87518897,35.90851389,30.7234661,28.95895909,93.00484422,25.18792506,95.06203178,61.05320009,93.92504042,73.12317973,85.58855813,18.82281082,4.920856236,12.87411305,8.475140781,8.704652684,82.84372755,16.54599719,15.83293341,8.145946259,45.46180777,7.119139112,53.39719006,7.279530373,8.394233965,96.52809298,40.15110487,79.15096444,15.90173638,67.48531568,43.20790158,7.551742322,96.31227346,73.43581875,8.828027209,6.933931623,83.85625323,8.995324696,46.82872829,7.960940478
72.64618322,66.68991544,0.334747601,34.87527689,88.49220988,87.20032081,83.99948208,14.38136792,91.90539769,40.88847311,21.05829935,56.51937451,88.82847428,98.93864233,49.86605959,92.94299264,68.16982806,69.16980331,49.92604421,44.72291463,87.18772151,9.692527284,69.93179242,23.64562554,96.38888028,35.50109972,64.1833843,58.99032417,6.366667803,6.143467431,38.20106767,80.3043819,37.05533582,36.61913192,41.15317002,35.35161297,42.52064275,77.36422196,12.37373918,25.01265246,17.09844847,9.077530354,38.02222458,21.85043271,72.35331794,40.4398435,43.1799585,18.16396776,42.21649217,86.47125922,38.71396279
41.95443797,43.30410939,8.463935251,16.13107331,51.88998862,61.78984621,4.932767642,33.8747428,73.41636305,20.1566062,42.05807343,25.45740942,80.4674936,11.3532868,1.620221557,65.64498616,25.75022399,28.41168942,6.798677146,13.13676175,75.50461353,27.3521092,76.93080327,67.70346307,23.99833223,22.97663619,54.33826051,53.75689187,42.16364387,52.15321193,25.47223058,47.76974663,25.75713902,75.70891904,25.67662634,20.16301012,99.46254969,55.42473365,17.17798829,56.76717367,10.51975964,98.1515565,21.3909896,41.46374569,87.20304915,21.64869915,23.01053786,74.39183942,23.93541396,35.39370978,23.25840879
89.36083915,87.85576939,97.57564052,87.07181963,8.851558226,45.41639839,79.57542734,23.86888762,83.05277603,51.45621441,73.04630373,46.74370687,80.72934714,36.00232271,11.19009852,16.90019846,80.58481042,5.553302355,84.02412934,72.87262422,86.8070011,94.4723537,86.91116043,88.70903156,73.57983645,46.25411743,92.51276138,21.39397305,87.6467312,90.48395392,41.32182612,31.66771042,39.77352467,54.8869862,51.84999535,51.43672095,34.17507955,96.77930516,4.2135678,97.45839143,48.94099641,55.71290187,41.5049618,15.23685004,77.06072251,41.17040576,42.34280694,69.20952227,43.51590299,60.94869573,46.37480539
74.12653789,61.08436512,48.11442699,51.48053411,63.44508782,88.6597055,95.28530934,60.23173851,81.52232203,5.289166817,87.16724531,46.99030104,69.35826568,18.62376521,88.53262928,49.00595653,42.92543691,13.90427311,54.02619697,61.04722531,35.22608853,42.2766461,0.154750654,63.235887,18.01880051,5.549574704,84.73645132,75.90511546,83.19408288,33.80698704,5.9425635,7.75300879,6.379277572,96.98648425,6.126086453,5.518865051,31.01605384,59.9747567,65.1030459,2.085375041,63.89990074,59.84351663,6.814393474,60.8822132,33.01999404,6.05661447,5.770208764,55.50013147,5.808476305,93.76608268,5.945680803
31.61903452,37.63640041,23.80899917,25.55821908,86.66988944,94.46106222,94.60066415,79.33819105,97.84658239,88.25398345,89.80154349,38.7534888,99.88057904,42.83071258,55.66294913,34.6365683,19.18032637,85.60470683,47.53762686,82.45881607,47.96607664,51.44008731,41.92168685,7.012107689,24.52209389,100.8144069,68.92637755,85.20242875,10.67719865,43.06442807,100.2960873,41.73002564,110.176852,35.49753809,110.4519826,99.70965133,20.99104223,14.9253038,97.93215701,61.43348229,12.09237217,24.69204494,90.46538981,28.40491163,45.95525491,109.0852346,95.43732957,45.0435661,109.5484562,21.66610623,96.41211014
17.41927203,70.54105082,57.36622703,95.96385234,12.00989543,53.11646999,18.08643155,71.47044155,74.46779849,19.33400993,97.26370291,50.03446825,88.21324401,71.78063372,94.54133795,3.976487415,52.04335446,37.78841966,91.13971288,84.92753278,3.289598762,40.84791415,33.46336277,24.28300064,14.64781554,15.97001426,36.40178018,9.211192792,7.42729702,35.82769975,17.55005048,94.92013892,15.84161085,18.47142444,17.23503304,18.35382599,42.83391505,57.6885402,14.53502697,94.16004557,94.19008538,39.01624624,15.49602453,33.92825488,7.547593559,16.39231297,15.95736288,67.92736999,19.37390784,64.35794388,16.90603124
50.23322701,31.52824244,94.08746886,92.5763764,19.03187151,62.79132429,72.20466302,60.32748162,29.97641033,41.8767262,10.40886596,45.37712818,75.68934134,18.21898422,59.22969475,81.07032892,57.36220267,30.58195417,66.21231565,64.10735864,23.10696242,25.45593306,87.4993935,92.49026233,99.49396097,37.18486173,95.27182644,28.69101856,18.60373474,24.39038409,42.6122375,76.78484819,46.42646481,54.74507452,46.22959874,45.42922365,85.65018026,87.30940118,20.9285582,16.33834182,69.75768874,84.97692444,41.40882871,31.03169189,37.13705097,43.58915312,42.10177747,36.82244609,38.32485976,75.24162026,42.94952767
78.26070169,89.9540008,4.055684549,6.236039102,24.68433171,64.80764183,86.98913874,80.2218101,30.62090839,92.77933565,64.49747935,25.47449523,68.43041445,56.87644365,86.77299463,33.96079105,90.30647855,39.02406495,72.16760376,44.35477848,25.37320228,33.87204874,24.22700475,52.7485064,39.47316054,90.01969319,8.446995053,32.19376262,77.43536064,19.07863375,75.56934649,67.06772372,91.71879909,50.70132494,73.01985512,73.52346245,69.84836201,60.6711735,92.24931679,74.66697278,47.10546457,22.82574056,74.36147238,47.70090901,45.29686419,70.85541964,74.63390163,13.28460341,78.94991779,43.5985171,81.97191048
10.59957098,93.8035062,49.53272101,20.94870254,75.45414872,81.27073657,50.29242102,66.2092637,83.13338079,77.14120609,66.1766723,22.01628122,81.00741066,33.4391481,61.27686221,29.4104327,39.80661361,45.88489279,15.71787104,11.90893152,55.07294764,1.824512496,30.03856144,75.87284804,74.75568443,68.35246651,94.12701302,70.21307631,44.51379785,75.26141889,73.26701306,85.15613645,73.06998157,45.74046975,86.07456467,77.33317438,42.21692625,34.97208769,39.46149403,43.78543503,62.63201439,24.76253596,82.74808291,2.116376627,39.278409,76.03718979,68.54848821,93.85165425,84.04734764,40.78535899,75.84153684
98.28527272,80.30292694,41.96199172,2.946561598,59.5369804,51.01843341,73.45881802,63.94496125,3.976357752,4.826348625,64.08925902,70.97524481,85.50667576,27.0635973,74.77673681,20.93321078,79.45672385,90.33841463,1.329993713,10.12657525,57.87044868,20.29441944,69.52361355,55.80969651,51.42796866,4.632341846,96.91545882,53.96542815,68.64943313,12.42884398,5.296650887,83.69858437,4.5007562,75.38334318,5.439414818,4.90318107,88.47240044,8.89887067,63.31354752,55.22143638,36.00374113,4.331809934,4.720212306,20.6363223,54.78056124,5.631349378,5.518113713,66.48328647,5.465517508,22.39596359,5.0298149
4.678945453,68.15200543,90.14621091,48.28492231,87.5785351,63.87105503,93.53055558,35.95723321,69.56247776,28.76395943,46.05728046,65.69819883,73.92335644,88.44861265,57.1962242,78.95247224,24.89310787,12.56620849,69.01603055,41.1227355,9.674483608,28.53070551,79.94590139,9.975201706,63.60444156,23.49242803,87.24597008,30.06295562,19.63316584,95.45341625,27.23266246,28.24359867,26.26299039,38.09966007,26.85146257,27.49796403,58.28724937,26.72597354,85.01300574,1.20196878,11.08670426,12.78818261,23.48227535,70.40568199,2.418597904,26.1787445,25.50755527,5.307341577,26.69934422,92.4752844,27.27789786
36.56320774,79.38731201,89.31803352,42.74723942,98.68562534,45.43335459,10.98745526,21.77998188,47.66955392,77.88832984,61.12124519,11.87922186,95.74377357,40.56157984,1.676587062,56.74472987,90.06073959,1.764379884,90.97719814,76.45898098,7.092266786,78.0249702,2.165769157,96.60628226,27.3541427,86.84847667,40.85665976,21.88570057,79.03097721,73.05652332,82.45992003,85.5262764,67.06278304,47.03917992,80.33601536,70.92461839,7.289838861,37.39339719,13.00786254,52.38462323,13.64042491,39.67998754,85.39849166,96.75011267,94.84061962,66.9395244,79.22107873,28.22360259,83.0095313,3.560438217,77.31965019
31.88494311,63.77869227,68.63638277,62.66546247,5.653028097,9.271776793,89.49287322,0.027703634,1.670641499,80.44133403,5.021305801,1.483458839,27.27024842,19.04238053,32.89190028,45.08167715,56.23618884,90.28469271,32.62662033,7.08511034,42.36404691,63.51483308,38.89331038,60.79133493,5.436404073,105.368136,94.63151875,31.44378364,71.72883623,87.06693372,87.59223198,40.90088028,85.36553534,74.08327176,92.77276536,95.2626896,84.18400143,48.44288356,80.6879235,26.22747419,45.35967393,96.20779513,91.32299519,57.15204175,35.27364957,94.86289164,94.61187445,93.08511694,103.8088329,11.39132504,93.89489503
42.07197365,29.68384011,42.12255985,63.46850786,35.51296932,23.80455192,16.08264176,30.03148066,29.89683796,2.02236023,49.88964917,30.00521988,42.35243162,0.39908716,12.02742362,83.73924,17.96037166,26.19966774,5.114887934,79.59544673,29.07110986,80.05513973,93.74317576,16.69347154,38.36940757,2.243607422,1.88291634,62.28942887,31.95420664,7.876261813,1.91361715,90.57400259,1.953803795,17.98910697,1.945996383,1.793036534,51.72244168,18.41917566,96.07214879,85.96005721,22.74105879,29.58579443,2.078074814,19.44463286,62.59348034,1.793918319,1.950908674,23.63674045,1.761058724,60.75130405,2.050873148
20.77437977,23.57442358,73.35880434,61.00595668,50.29402312,58.73751384,62.40533513,61.15340116,71.15125789,17.23824784,71.05360657,70.5894405,59.20893173,68.80314674,77.36838299,30.52489262,55.45619833,16.57878531,51.51974801,99.31938765,99.98316807,30.33666501,47.7040017,88.48848613,32.58185522,16.66271584,24.65353908,69.19823813,63.70919086,38.51724872,16.7408117,42.4246141,15.71965235,28.51103432,15.4802502,17.96585739,22.05432577,91.23029932,53.23828508,64.86408699,26.09035114,18.83299944,17.51521724,64.9709367,79.42918844,16.65286831,17.44499676,95.93164066,15.55820417,35.14387987,15.9636793
25.46373729,62.43735268,20.62495816,36.44455124,24.84064463,4.403041373,63.79444362,54.75114295,4.641239531,49.10720753,92.14166787,88.06743207,51.7184891,79.661295,13.38512625,68.12608484,34.48860026,85.50261001,87.80622974,53.45646229,20.8593593,84.95417696,77.62407204,18.70167691,45.15858204,42.21972267,11.16364272,91.13171969,52.11770444,13.33371731,49.67274148,5.249536736,40.69427397,13.967821,51.58012051,50.05167608,0.557572674,94.14403427,26.73672896,83.32245918,91.92461895,99.63504793,52.19885955,64.09419551,89.19725216,53.13061156,45.96632947,5.904124072,42.43862966,7.374093379,47.1788452
64.57766108,64.81306641,36.61741253,52.54348957,55.69996652,67.58907889,52.31973017,91.32888564,23.78309497,47.45529423,42.71297732,3.176779323,3.7164398,86.49685222,53.32148767,11.08513805,41.55115765,1.29322221,26.29879983,34.85231111,22.63168122,45.93439882,14.52592919,73.86502933,44.64574752,48.35761858,65.24523781,74.47270444,28.09448163,51.96128045,54.29068342,68.11375951,52.9450263,76.05470407,44.39296696,42.47093882,80.01542953,13.62262808,69.81848718,9.607081558,15.06092243,88.29745864,42.7365234,18.3377,78.44631674,54.23909148,46.43128724,19.19813512,45.13285108,18.33139607,48.61524561
66.51332299,16.26524657,68.36030437,82.50355455,98.97686767,92.1966932,32.97641405,1.86237439,67.36091287,65.76348758,13.33421844,11.05766043,26.27617789,60.97035955,22.32597605,61.70580811,7.439882006,49.9696159,64.24646985,90.24755887,91.81944004,60.51045735,79.40462711,73.73797526,35.81635021,64.78943676,25.31959026,15.22324127,21.66001957,13.38847061,62.8415217,75.61991862,76.51326158,43.30364333,76.55587591,70.15466084,57.83926744,14.08845731,63.19779134,56.92279055,91.29500552,88.79220358,63.41295405,94.06449201,72.67986084,75.49616144,71.27317178,67.63456846,59.91001286,15.08463784,67.67601722
0.678284699,65.07403653,1.254253183,57.66277784,97.79879933,81.03389344,16.69343992,19.68789981,48.80752782,52.40116583,4.903212958,34.51722048,94.56638866,62.80153412,4.076486477,27.41053142,37.879321,59.44555709,43.54479872,59.72304253,32.38354588,28.05174917,69.91313922,7.568992837,62.59005349,60.85549839,27.04097929,39.94189438,2.438409743,99.59651351,57.24794436,91.72724604,51.70461691,99.69940442,67.32083115,56.76787807,12.2405441,88.80246899,66.71481966,0.341334939,57.14581034,42.74898553,66.65063757,20.50845977,87.24868903,51.51819121,51.89534518,48.65319948,55.05023335,51.14022216,59.35334102
6.636328762,50.54600174,98.6964908,15.92241935,61.91683912,33.9214456,40.34714829,2.608004631,25.85580191,71.87265124,65.60593324,89.62703072,58.98024843,2.98787728,87.55988432,86.1666492,45.07423576,92.52043325,97.23996562,46.70439207,13.58262438,43.08259313,72.10421383,88.4240987,94.99034735,75.2259716,80.71214508,45.87768947,49.57438365,26.9015824,75.58986505,74.06209379,74.55062989,54.94923925,67.17543515,78.56783855,19.23706827,41.22015799,90.30668656,55.67012727,79.29058296,1.562393666,69.68906828,35.1086278,49.22373081,70.41618838,85.8741157,97.90530277,74.76712,87.55335703,76.00350215
44.55382396,96.93434401,46.93749871,30.03092874,55.42386654,77.22559476,94.4460216,61.88071782,79.87844408,49.57993063,68.86068841,44.64282894,40.1503182,34.93680523,57.32330878,12.37845425,19.90634371,73.49873059,69.14553142,40.02427091,28.66435102,11.64684549,97.53740991,75.4319811,9.677531221,43.41746305,79.43024721,85.53202304,76.88054673,92.07824485,51.55238439,35.35638936,49.59252257,42.01881355,46.53624039,54.27148704,16.82904372,86.7301587,25.03158166,1.386764273,36.19176026,11.83224048,44.2759242,40.72818612,99.80478005,46.5842704,50.48947572,97.86001586,45.61516761,61.63518215,48.15595902
5.635698326,82.22697489,3.241953463,12.28128953,64.86856076,43.5724176,68.67180464,74.91291305,63.37662996,87.69215069,56.64581615,71.27952254,15.08551664,51.39011354,31.22111149,68.24601099,6.595197227,83.85478242,21.94714486,18.70605855,7.514578337,69.44958633,97.287485,43.30773589,57.29641751,85.00094433,26.65802105,67.74085402,34.22198677,88.54300624,80.95492108,12.8262945,69.32575851,73.33328885,68.85592729,67.78783501,4.085370596,57.71132361,68.5403239,77.6865487,13.88737706,65.93624451,86.35568451,11.27302088,72.43895098,88.7090774,74.40184809,26.09885624,82.0190965,96.99013548,77.38990851
8.83139302,91.29412808,8.931573643,76.76297494,68.50371682,3.194653732,5.736215133,44.26661234,71.58345324,69.19953457,85.03188842,70.28908813,5.467569013,33.58929036,84.46414247,56.56083517,91.18991818,62.75852022,31.6694431,93.11330698,28.6388166,62.90071632,47.16154353,31.77365011,77.63815701,76.77975737,99.90970544,1.8584623,31.49737765,5.696593015,78.79630006,32.96432283,82.03644276,27.93812007,80.3762722,65.47563116,33.16310712,6.235629343,26.49359594,83.10849909,9.518061811,92.25188002,78.8553695,97.25513242,37.15610239,77.59378736,64.89474207,39.77751837,62.86859907,31.63081943,71.99912607
16.79577855,42.80649757,21.13140882,44.57749189,36.98445377,78.29210844,29.7419935,97.27776693,12.16748643,23.47711571,72.15800483,97.25554925,37.02109649,60.15519795,58.35522453,9.647044889,96.47358428,70.66476489,42.87574154,84.93518983,87.03853155,86.3109058,76.90562673,94.3709793,35.32200335,21.96805328,32.804652,46.27742595,93.21560285,45.17149164,22.68976508,73.09223458,22.41779786,72.27062718,18.38749898,22.411107,97.12291146,5.865560193,1.24245265,76.82940681,87.96688439,29.40539878,17.92625139,90.69733769,33.56875933,19.50762049,22.72454985,35.96576347,22.74561877,37.74818666,20.79193948
33.30326157,22.45858624,44.55886404,83.96347344,69.75332631,36.3815835,96.67066701,10.42624973,57.64733343,89.15142507,54.96161852,75.79086539,27.702162,45.18487682,60.81574347,1.283211145,37.02069251,53.29564156,81.98823375,93.19187528,46.6688317,79.46563449,98.51907203,90.08444587,89.39295509,88.43838797,97.63149386,36.06014815,14.39545657,61.64453309,77.87400482,62.51589942,97.3069456,79.75330984,97.7743252,82.79140193,3.478893777,62.81709739,58.369156,78.01513164,58.86085937,38.01992107,91.6395157,79.28701222,53.57636299,103.5613782,81.46295845,97.74528714,100.6851939,48.96395388,90.30158082
91.63681143,10.73311751,63.98602286,22.58025922,57.96274224,75.82569208,9.591762838,13.95591642,43.71960708,89.60131085,58.29636499,94.04951411,70.96532534,82.5522582,41.32267677,66.12008959,39.21480053,94.65141061,45.75725046,33.82433867,90.5876074,9.005939076,14.90976529,77.48476947,9.02432506,92.24720418,81.42556516,77.11864756,3.659257386,72.29593259,95.35857048,82.82210911,95.34265161,81.96701431,86.64059139,93.58998649,69.70767525,70.59326242,99.37789082,37.14014837,77.07313611,67.06120833,104.3067944,6.660902011,1.372829359,104.6299211,88.94817816,37.43760304,101.9729943,31.69256395,98.16813343
70.77714212,43.0612772,41.85983979,59.1281163,27.79362046,67.82400417,5.137528852,36.00949163,63.82344509,71.01529362,38.72457922,45.85358012,60.91835264,15.75708557,60.52519938,71.55452103,43.34010363,4.134062422,58.32426031,89.03096674,95.05252342,33.47917425,36.13103782,1.283173915,26.43835491,77.19727934,66.93276234,32.10147368,0.79354539,93.44334463,77.70889853,29.71865763,69.48587352,20.09131273,64.21093986,66.97703979,0.061306264,5.940401112,5.710709631,98.66434603,73.66458753,50.76138752,67.78833985,58.10814593,82.87048999,76.94266817,71.4913742,80.53878609,66.10086597,1.093923533,73.44104347
29.42816911,21.41758946,53.26299174,15.06135885,3.103465936,71.89442508,0.55872947,10.45518985,52.69060107,44.46571274,0.270714564,46.25309205,96.4569344,41.49557697,16.31793275,1.51577713,20.08872768,44.79131026,15.36770277,44.58925226,64.09934403,51.68092914,42.10609004,32.69197496,59.80448434,41.15383717,22.20321791,23.9256921,54.39495516,91.78097348,41.79199225,8.112537488,37.13537445,13.88846973,49.46002967,43.08842662,6.313280319,63.42024822,14.70078726,54.30196754,2.825525659,84.89606518,41.04651634,65.23724243,75.39720016,46.19452562,37.61940817,29.69334705,48.73148742,47.9446742,43.34981141
90.4952392,14.75692787,92.34173703,16.97099782,6.19435769,11.50518553,96.14107709,46.52106508,31.23159544,16.55345206,7.193034561,44.28900543,18.68532964,93.59426084,69.85241219,30.48431855,60.45969999,22.47840958,21.30468001,48.48345597,23.69510564,44.81500159,68.74517589,57.38380668,72.6745375,19.94255868,40.40336623,10.25065291,38.99372544,70.6679415,19.91258829,93.63828423,19.25826532,29.85209066,18.32009758,19.20142473,85.73936208,28.19369121,49.0441784,46.19568833,68.13104546,66.55912613,19.70338144,93.41875142,37.30399958,16.29849837,19.00034664,23.281481,16.51244053,7.459153677,17.35728446
52.58439842,27.63952767,6.778894016,14.30935087,21.08243478,32.93317778,7.421995583,39.7724709,84.63968618,8.231879823,22.33261638,79.07838314,95.5194402,24.72290935,77.02570863,14.16901643,77.83811134,74.97540275,89.46811687,75.09160182,74.68508598,2.141540078,32.50990876,6.603803323,69.47184575,10.26837384,26.37648722,24.62407511,60.61901806,73.39033189,10.85446754,30.9190688,9.279268715,81.0583113,8.837887715,9.081099488,76.58231671,41.58920194,5.574048613,50.84126343,34.53535067,0.507479813,10.7434213,46.53638944,42.960528,10.64278686,9.256149532,21.06953026,10.13935294,35.91067288,9.646487539
3.499289765,83.34710351,19.44175542,46.06519395,77.13941126,79.544416,11.47007085,43.81856013,54.0682462,7.855092207,0.944304769,27.55665956,70.10717457,31.88650142,1.976617239,75.48013399,0.768706063,18.38946701,24.30326128,32.72618158,30.82291,73.90396434,31.82996798,5.716889957,90.41657974,6.22444817,23.73856755,45.14362935,69.41843096,50.88842914,6.70944661,95.71654708,8.270018741,85.24796478,6.311565362,7.948520041,62.78787712,94.61058937,96.87282222,6.903069769,89.54482011,10.16074303,6.678072551,53.16803786,99.51921008,7.991809877,7.479929743,18.66265754,8.072125005,63.31953828,7.269158913
27.63002617,41.30060633,19.63649793,44.86888093,19.52934156,69.91451541,9.272240242,61.80072655,44.02818067,27.96340894,65.57648017,30.41575099,13.32802791,9.857706632,89.61618838,13.02798893,63.95260119,80.14633071,77.08923586,83.33705626,87.40169411,60.6191345,94.1928789,69.49078427,53.22237159,28.10916174,33.22817374,1.77697707,65.94529378,66.6060695,27.37405825,20.31491606,29.19249822,60.06481659,27.57307487,23.02813643,14.04029317,26.40912102,39.18800671,99.76736752,44.98111014,40.56318437,24.43591675,87.24907497,74.84654842,25.15458699,25.64036817,78.10918349,23.69065822,69.14310057,26.5773125
4.032499203,14.84192009,48.06325836,94.55750515,81.40958201,94.31374141,58.10242377,34.88314115,90.50362026,73.2085991,14.4112681,0.558170304,0.738789351,82.9588165,57.85287961,60.39039029,60.10853194,15.02113384,35.34201928,38.81265104,19.67342072,24.8820375,72.8877268,66.46922058,90.22085315,73.02509065,64.7609968,59.89895465,65.82611781,4.326173058,90.75955738,41.75338084,94.41530179,29.93822019,85.59788524,95.94826857,1.611128054,20.05638855,29.56244159,91.83387992,63.28230754,96.1383489,82.4659537,69.39990248,53.10002021,86.62439527,87.3407148,29.95999313,87.52304253,28.07422534,84.49136293
99.90596366,32.3033304,23.53608408,47.956226,32.84398897,13.51675028,23.25538485,2.136258595,50.25879461,47.89817323,59.26850927,24.55808255,41.56147894,70.76339335,77.39938442,34.76113288,97.28084621,35.15854049,56.97002015,60.47220086,67.90463116,56.48254931,79.68258269,30.2230092,70.26104725,57.77339165,17.62361543,95.08704562,50.8139475,72.16197092,52.31559417,43.81399092,61.76984635,81.20462366,53.45409065,48.42400402,42.42323097,15.9832357,55.52783113,70.01719137,85.16287126,9.147077729,55.74396646,80.1430935,17.01353225,54.2476913,57.4581358,80.54743547,53.85281783,0.796947815,55.83952593
71.77176767,83.35600973,33.33384625,38.23396086,48.74303893,73.32831752,80.45593216,62.35488697,5.834041769,19.49308528,69.33043692,40.83948121,34.76049204,43.62544874,3.179870173,18.37344363,36.82495358,64.76960247,72.94130879,38.28454947,79.73452331,35.64616046,59.93323873,61.17293076,90.05188833,16.95913528,50.96917928,38.84493008,66.48948591,77.0417569,16.23217932,52.60882678,16.96232552,87.25650136,16.95644516,14.82004833,85.18861611,23.31260908,89.39678581,67.56064503,82.9250881,55.76902311,19.01396734,48.77618467,23.99834699,18.92527123,17.09551569,40.20678834,17.39214967,69.88648723,17.12325825
39.07885924,83.63141548,11.12699853,86.34342207,79.60511816,59.66050015,89.46104548,37.26449786,10.91300491,20.36580245,5.080431351,67.52172913,92.59772545,70.3888546,20.78197168,8.593202429,17.42844514,7.159292139,60.60773099,74.72274997,27.42596858,41.34643979,32.97171665,37.3233659,86.42102669,17.13398118,24.37581408,23.02771178,69.41742434,31.7058258,18.21454789,90.18954383,17.73482985,79.72389176,18.28443985,18.25182829,96.9079402,31.18124723,59.75400391,51.61205321,84.15806799,52.362406,21.03439913,73.48225212,53.89587863,18.14302072,19.03048941,66.67462995,20.20206731,58.11515055,18.75615539
39.12294044,33.68132901,18.3455159,29.99301674,49.76490927,17.14321708,12.35418159,83.21362217,21.96588519,27.38368616,49.60724581,45.06934106,40.94685579,53.64269456,78.27726908,9.704572661,95.38908517,23.37734667,42.9661104,37.34393548,60.59295717,91.0965669,3.802712657,90.41738922,59.59631817,25.26423642,98.37471694,81.64766794,3.585011628,49.01230971,23.67190463,64.67714366,27.28722416,24.62755116,25.21674755,27.85978977,71.81769486,11.92019903,21.47817237,56.12532757,37.02976138,0.83536522,25.45739531,79.61553002,32.40601055,27.63626923,24.21010301,45.07446557,27.71549925,89.08201985,24.89203112
82.24038088,53.32160457,99.67474681,14.06229332,47.34763843,25.46247062,80.25260111,50.47850036,79.96136751,40.37730773,50.36461342,61.93265771,23.19608983,7.882874855,57.88994851,36.42826094,57.30255304,49.80105879,50.20479504,30.26095289,79.06029301,55.51499831,22.6010035,46.0885324,0.892971223,37.13013815,60.11838464,14.32433319,53.39261331,25.67935104,37.90165892,32.7119496,39.16667347,73.38425959,43.16705411,42.79694606,88.26342376,75.44592549,29.84375749,33.32219238,33.22616739,69.32106682,43.09999501,7.032325375,70.46871362,44.29868783,41.90961354,20.622231,41.86015176,7.368555875,39.80902387
35.12204736,51.19689791,98.3743906,41.43939116,3.970108298,59.23218857,21.62720894,68.86035765,9.791212785,89.0752949,94.03666176,0.893754931,91.99692339,95.19528332,67.87786251,10.0350624,1.969545078,19.38240267,99.06696382,1.012040256,29.89912697,80.35312349,66.66847304,44.91350662,47.23678036,82.12651393,77.75095603,83.92621269,98.53582797,97.70923785,90.93973648,35.0278764,99.64246619,58.63006737,99.77640372,83.56983279,24.1863898,43.68139806,87.66617433,67.74405262,78.66878149,4.706513556,75.65749085,17.56887729,35.04493574,79.19077446,86.98053675,87.20055188,87.37804498,93.28325533,87.26024656
99.37134571,9.898137534,66.50186765,96.46790822,62.61556852,33.96894177,11.23220548,91.39226808,66.26682018,51.06722614,94.70176795,48.02480927,84.23045522,98.88699013,33.00748356,99.92866754,69.93055635,78.64080667,86.82050616,54.71120668,32.98631834,5.600056471,42.39442726,26.19042208,20.74800159,45.8652447,82.68291301,39.51928455,91.99664183,33.03669752,56.51638887,54.31816981,55.16217218,84.51321481,54.57911764,57.33563774,2.360644913,17.42154697,45.56318989,55.10345288,14.55461434,7.302729506,59.1694586,38.02922408,84.88591709,49.04128532,45.09850388,3.744659852,53.43283631,26.49889342,52.88682266
26.34438537,31.09633615,99.53885018,74.08525143,36.39849916,99.11151517,94.95179977,43.45375933,21.69607398,14.73779717,49.0509422,23.09699073,52.19507294,92.93553573,53.74763142,51.90269297,51.32004565,93.14879288,54.55958177,49.33409672,1.135993004,87.28025707,81.59223588,40.98884293,11.38624041,15.83161903,16.91730756,47.28480605,64.10248142,5.65253899,16.8846313,11.71528727,14.49566175,89.1333963,16.86656102,17.5178189,87.12586153,16.2125957,36.62204149,35.47153997,48.93710392,60.12658528,14.87959794,63.98715246,52.90432132,15.87192636,16.2780993,67.14855211,15.49928373,75.66856213,16.48987744
77.30589309,95.84434868,52.08571185,52.82001558,47.14817414,34.38833363,12.37855931,8.55174053,50.57551984,59.49594869,35.74314539,44.64414418,44.83134258,70.64457859,57.82507381,80.25740457,14.15530706,92.6626188,97.462096,76.63516896,13.5434614,51.58644703,67.88314881,55.77815936,99.91595768,66.37894134,79.92547234,76.8342325,94.76148067,38.63949545,55.24058494,77.13468692,57.24480114,92.25393073,63.49503973,63.08210212,5.604944145,26.38281838,50.51736587,41.27716853,5.8748479,33.72662854,68.94985449,48.46840389,85.54438208,60.59205371,67.71620666,42.91168437,70.44685422,47.03126233,61.34236273
35.17623316,22.67966091,12.63910779,58.28308135,89.57409628,15.50011733,69.68471655,6.039351784,32.86242732,78.9594295,17.32743131,65.74659888,41.80502242,78.59372203,91.73563635,52.24571307,69.99964099,13.50504304,35.70977279,1.25503114,31.04553849,59.92020492,41.19107199,73.92452026,3.259881283,78.16777603,9.845036198,49.45463371,20.3618471,32.89764458,71.25273927,20.58255074,84.18120848,3.345559677,77.31085709,90.46576006,55.64760063,90.86827245,73.75949887,20.42734292,7.786172722,21.52299518,77.01586631,87.87869101,34.36277024,86.86901655,84.33658081,63.8415592,76.55171707,63.90246192,81.76526737
78.85747352,83.69500621,11.37901121,8.120158687,53.12006911,75.31301023,12.2079425,80.85848007,40.77392539,52.59272472,69.05236777,79.60200992,92.94901718,8.906181506,74.48138993,87.85316229,77.96893457,35.68897627,90.94917187,66.11023673,61.90043113,99.43189693,97.86704127,58.09611613,56.73283609,53.13508102,58.83877804,62.54573741,87.67601943,34.26805388,54.33151647,74.40478585,43.10383342,31.8377675,45.9753652,43.18267054,6.357527757,76.40732436,25.45830803,71.5596451,52.93752074,48.08053251,43.65001404,83.25293863,68.40637501,54.2573219,42.85678033,15.9858956,53.74483146,17.12646668,48.09672057
85.81671191,23.52453463,8.557173889,27.07836097,26.02134126,14.16198814,16.47023321,59.35908034,71.90151447,66.41440856,74.11500153,62.72306317,35.53407234,14.7141726,43.86569632,40.04586211,80.01850757,3.850273998,35.46566467,87.70703457,74.0017629,17.54119287,19.12375141,54.68495951,1.741832425,67.07317759,97.3625269,66.01546318,87.5914159,46.24603607,66.17187993,90.19376147,62.01908754,27.16702255,64.54104785,53.90171934,60.83409053,73.74314736,97.61978285,58.42474899,89.85734396,88.17155622,57.68710572,62.93748519,81.27058721,65.26071719,55.74056099,45.6223137,59.96802535,58.27616146,61.87009118
7.329605427,35.44725112,57.69321872,53.50640484,80.69636137,36.6475381,78.96194295,10.97150708,69.13845839,63.8415158,86.68292142,90.39313784,20.59653648,38.5083446,73.18259145,43.81824101,3.564130212,6.566856918,7.182191289,79.35096973,64.66055568,67.76220708,94.60034447,69.15512753,67.34279909,65.84253188,91.59948986,30.76948207,57.95240859,87.40746421,55.51522636,87.858197,58.19256995,23.8708738,64.71936069,65.79248152,92.92551233,81.19548315,11.70997156,10.6214436,39.15108086,42.56296684,62.13796602,39.06486931,29.52301123,66.09207283,59.85612253,45.57872196,59.90516904,9.099235572,62.88842254
59.09235836,23.10216539,80.83914248,51.81164697,68.60468865,74.66938,38.52170706,68.30373434,99.91330868,55.32938697,36.48103727,32.89821234,37.90168555,90.3769071,18.77070966,60.87627197,85.79169943,90.76872147,35.14548955,30.74939821,70.50073505,63.54484358,12.93673264,12.42770292,21.19944291,62.06745386,77.66497333,7.211225783,9.904837632,46.21960931,54.29054332,41.35965081,54.67649664,73.8810122,63.20658621,49.70735187,73.92101053,70.14982027,96.88577517,23.15389637,8.290747693,93.58361585,54.47208335,54.83851256,45.94624357,49.55172303,58.48286893,23.79479576,57.14256497,67.54666048,58.24709863
43.841244,45.21616043,58.12896029,63.17698834,17.84043808,13.70555577,8.383304323,43.25535132,27.75439061,51.72499473,5.555376527,86.63314339,1.049941615,1.763297664,85.91521352,87.55660628,39.76664944,43.30274481,40.48217717,1.474280399,53.65727588,65.76768768,90.69598976,55.23988151,19.41153267,52.26253635,23.34994781,58.35662228,4.260492488,64.23664656,61.19825901,70.33338323,66.14496779,1.871467778,64.45412757,56.22783233,26.55484178,23.24144577,4.71399487,25.82416602,49.39082402,66.66415916,50.52028825,2.292752103,95.96619965,59.68557963,60.76389648,71.74680366,64.32451158,24.51053881,58.69998648
32.93825726,60.72032163,19.15647837,28.32528146,82.33635148,74.13115094,55.90432852,15.46714646,54.86660623,33.77649226,52.26876477,71.81453337,50.6704282,46.13444819,87.46639141,97.12134278,98.78446432,88.03146533,47.3419741,96.50501562,44.22150436,27.27197604,22.57244806,1.895919931,38.83453687,33.62210052,6.198472204,88.82021324,75.63512863,10.23355222,35.19869672,49.03932635,43.10495898,34.26406281,43.33555303,43.66688749,44.47273726,47.64927775,34.08174447,8.279447048,5.616400996,9.097500029,42.07810218,90.24413843,80.3944879,42.09106525,37.93550055,25.01980793,37.04589319,91.98723889,38.13751719
94.27694974,85.57915394,71.02692756,85.08749937,98.83409864,40.73034718,81.91777074,66.96461355,25.95908327,32.70853437,3.672391945,49.56633067,89.28738879,79.18502765,57.5104495,12.89118098,24.66141218,90.6377807,54.78966059,34.24527999,41.88889419,4.970164434,83.8459319,29.20814552,22.48576407,40.63293997,85.63133662,57.17784928,97.41024594,94.74396333,32.99434943,0.437869201,40.87189053,12.97432757,39.95643399,39.68815886,28.54377758,61.65978475,77.41052622,99.73746825,90.01962214,89.65198528,36.40077354,56.69783482,44.72001574,38.31677089,39.01535334,30.67670469,33.55562811,35.20462872,36.01478278
64.51749352,28.46776801,41.56372144,33.98471687,13.49121637,22.65211071,62.64752813,86.5108171,16.72481222,97.82927076,20.35703261,85.00420719,98.16863937,92.0551297,36.39604782,53.19587283,24.58949101,25.55807922,37.36943163,75.82939297,48.7551529,67.86954738,75.99136301,54.57069862,54.44309881,87.5057624,52.12808538,91.53540046,66.58798507,66.60410236,76.72525022,36.95340098,76.94108793,56.11350737,92.69142268,88.47587509,45.10203905,91.91531865,96.92637173,45.37834858,34.43288209,14.32912762,74.42563797,83.44653388,11.04715413,95.29510774,98.38108077,24.87379259,85.56500426,49.35861009,86.72004482
82.67865195,36.0977839,53.66437356,5.388529506,1.843073615,75.91542834,93.42216577,22.53928243,67.63893405,98.77325805,34.8015731,78.07678101,4.711059015,80.0913204,81.9736846,25.68439713,44.36456151,43.61618613,14.54971745,27.42452873,13.64138152,55.60788347,65.91907139,56.60959235,37.04989387,91.44791937,32.48299689,45.75789641,20.17848287,22.1705307,83.0148278,42.54013957,98.86141414,83.42480222,90.17487781,80.8650042,24.39430745,49.0948126,97.76123823,57.5808757,30.7969494,71.85003338,95.04096299,53.13426044,37.93953527,92.83242891,88.49297229,39.91490856,94.46074119,92.91361407,91.1082692
61.34928428,45.85924107,77.71692399,49.19925428,10.80776691,18.24480488,85.0190554,97.34183007,23.40099325,67.96382168,49.25883205,32.58172814,3.05354048,72.62294712,41.41638055,60.7324186,45.49768027,4.940177035,17.53133454,86.30900474,48.33268048,41.73056621,52.77579741,37.18086064,73.54484741,61.04957837,77.05141385,96.40452624,40.2409557,25.65563964,76.86301736,5.975861684,66.82188916,55.61233144,80.43943448,69.84384259,28.66447258,28.71981072,55.39970635,28.89278533,9.727392625,69.20951058,60.32882189,25.89869013,39.0196773,79.98514195,75.19994273,67.93354049,68.882938,5.689231935,70.9187035
84.59693366,49.31896089,23.98331806,21.4926892,86.91623118,35.38477318,17.19089358,58.47784604,80.1863469,40.3386789,77.4938703,86.32292463,22.06206883,9.486224409,90.88520973,33.43007327,79.72977976,16.69222487,56.53406957,50.89359903,20.93968734,83.70297595,8.702303004,65.56450028,73.80247531,39.76424396,21.97120192,50.06330211,92.37329098,25.80384603,44.30128425,80.93790174,36.46166121,1.741195354,38.1708336,40.34866093,8.665728895,54.17622721,14.54068178,15.56948125,86.86818082,46.52931402,46.73854898,38.02223033,58.3706551,43.16155789,36.52189788,75.92054119,43.09624243,11.7368286,42.00603992
61.1866365,45.17343428,61.21577651,2.145923837,48.72782591,53.47050277,70.10217195,82.74589633,96.24176838,9.121671531,95.62589619,30.42991746,24.13449951,11.9849497,47.47304176,86.06971828,35.83361146,55.10192763,98.68657161,28.46302208,86.43039109,49.58449653,23.47862618,40.91028885,98.65992421,7.461862981,89.95306131,32.11956173,16.95848233,29.74025914,8.339636119,14.91048168,7.877429253,62.48929971,8.180453848,7.612423163,65.09177473,24.43628751,52.00068187,77.7890214,62.64501004,55.56255556,7.808043986,18.64839401,85.05218315,8.034065793,8.23745655,40.74363681,9.094639712,23.54746689,8.442463703
2.379971836,51.501443,48.62148103,41.17820519,68.8032554,26.69222534,85.43447591,75.99607639,4.094621656,77.886529,33.57521449,70.83675596,58.86872269,26.6359573,21.69859619,47.40269149,39.70190792,6.740565365,0.858892943,70.56197205,11.79558362,94.59163032,82.0133355,6.617021817,83.56781658,76.09980734,34.99691864,66.41700962,50.67641323,18.60616277,67.22794209,19.55501433,68.54188917,69.56785766,75.71101595,79.19987692,77.33025036,65.77265011,6.281387503,60.38793412,77.83093203,19.61795944,70.9819713,49.23205648,82.0441772,72.92324253,82.60897811,59.73674417,66.71475295,54.4270983,75.28079913
20.6541877,47.40846774,43.32952104,29.773222,67.19835666,83.55783077,33.18112521,71.51431043,54.08375699,7.964961855,49.27623821,8.496497688,45.30725845,89.35203492,92.00656926,44.11681741,6.054151268,43.05927427,64.81724642,55.52934236,13.87356301,46.108532,84.05579636,78.88855785,30.33441384,8.134897705,85.25328371,5.380488047,57.21003856,5.230588838,7.108880457,24.91244685,7.854326505,14.61565509,8.622543788,8.792745033,78.34046232,10.49079825,84.13013343,38.91611211,13.68912826,40.84277116,8.178335779,57.86811744,11.26784636,8.574216519,7.682802078,36.04758061,6.734001363,45.75594193,7.808884443
6.818268145,47.01954743,37.65384643,58.92339498,5.894744513,20.44937469,30.99324808,89.91254764,41.248758,99.36764137,92.17016373,19.6317449,89.58614168,89.08632286,20.12157054,25.78424667,28.67733508,4.468566924,93.69143257,69.75441808,91.89008146,72.81423686,97.36824248,77.78237031,38.69114253,101.1631507,87.50592282,33.10659749,33.93908946,58.37897218,99.87906969,3.832257818,103.0483735,93.73943883,105.193999,100.5726016,68.55504746,20.58005515,82.29937691,66.84443066,57.56665631,82.24869084,106.9693602,4.320963379,96.97556505,93.65489321,84.20888286,25.56208612,104.2700776,0.381685141,98.34763601
18.70439523,12.87370019,10.35075772,13.34377506,30.04706567,48.41656841,27.24046616,80.32275618,29.47577666,1.352518936,76.08987726,84.48485692,86.56345245,66.55373487,29.15435971,87.23260402,82.77337709,73.59809228,67.67845531,27.82325207,53.39244558,91.84179036,81.22911721,71.37753947,28.13376833,1.327904613,23.47579633,59.85298096,65.12568058,58.52431348,1.095541323,7.095925417,1.119613937,18.62066435,1.130053389,1.133063263,85.25289882,69.43058425,4.564234987,9.309855755,82.49168689,96.13737599,1.272518825,18.14095108,52.81383898,1.111535042,1.21802197,42.44909042,1.330736311,84.45971459,1.21974342
64.52025478,97.9128913,46.65742929,71.90895888,29.0020478,37.69763622,76.50012439,14.01229242,89.61957477,19.89718341,86.25040238,27.0918709,73.61254301,79.90947792,59.77004,82.19832571,58.03266638,80.3906817,41.85913757,19.3325975,90.07325983,46.97573534,20.29170266,84.16369329,22.45081372,17.80713559,10.87698131,79.80041462,80.99747249,2.099583787,20.68422204,23.10107078,22.98376331,4.665674432,19.98634107,22.64763114,77.3450485,49.98861959,6.351500168,59.59324106,42.1112763,90.3388022,21.09601105,52.1741512,85.64403052,22.72456465,23.03582934,37.21587837,19.5600134,18.68350396,20.75808179
84.12423013,36.98498073,64.16917609,46.56441209,78.05957804,25.11777258,83.94903664,65.46814346,66.48592455,66.97635771,29.0865723,57.65924919,32.25312922,11.88335421,93.45239543,86.41792778,48.3814446,60.80476632,73.72013773,92.92123795,17.5254524,49.45896687,19.9427709,61.69649314,56.68913496,72.24809458,77.68567638,22.57345442,9.405965544,14.30222602,67.1171492,82.46229137,73.89492409,79.61476834,83.9107507,86.81306396,73.45305604,84.76953215,53.98240422,1.996066491,79.58400976,8.596084779,81.42786735,22.66417132,63.65069703,77.67845433,74.79972774,77.20589766,86.3852367,32.22040301,76.39118717
4.692031024,78.50897007,91.38800767,62.39939264,60.36248405,21.41881632,20.06913633,4.210763401,24.45672394,50.2340599,24.06147271,86.23613676,4.066857882,64.00543819,84.05443258,11.77133478,58.84169436,48.30368687,33.79347359,19.71622354,28.50037818,89.43994064,66.51447213,10.11766524,32.02028119,61.78057402,20.97164723,9.426022531,66.25155353,35.45250376,66.18177414,80.69224893,60.10267097,10.21528428,53.56869156,61.64996548,55.54529298,54.87620307,41.90501333,73.98502075,1.529314183,7.110356749,65.58842487,28.01522531,86.40051787,51.03238998,51.03294029,98.40096976,65.71168934,6.902097422,57.82214005
49.63412024,91.10276168,74.1523813,46.61957468,6.986173522,92.62947417,70.2546343,11.06383554,10.82622856,36.33370092,26.9298045,75.07817927,43.74204385,9.611895168,44.55572115,21.55748364,56.48569588,67.26191472,55.25736569,3.351435135,3.435481642,26.29926307,53.36943283,36.32627651,14.70199097,36.21368405,89.48220843,68.32500852,49.19050392,99.01735575,29.64375437,58.53460345,36.69857663,10.4539671,34.72026614,36.57118813,92.56977465,32.64695639,29.28980677,58.83981364,94.44897228,46.23841303,31.72911459,50.64709368,47.07383686,36.99714638,37.15283183,53.81068683,33.59448971,79.48947514,33.33760947
7.764055161,0.70416769,30.61833205,31.8498258,99.19911809,67.38512227,39.24805843,5.776184984,88.1694352,68.47618168,65.27532947,82.09983394,21.91429061,3.374194633,85.57812946,13.50520842,5.982299102,45.54658912,57.46479155,51.79064472,82.76785181,40.31321399,73.10695241,66.91220426,56.04267502,74.3929083,48.09105657,61.9388964,68.67936137,26.6715572,69.14604543,51.51622694,69.50848646,57.18942885,59.16628348,63.77521491,75.42817942,30.50537515,10.19189805,43.29788024,1.179439109,28.28254644,63.29948474,87.38705243,22.99406831,67.56871287,71.74887217,82.38534392,60.76860522,72.83824631,68.83198984
11.6102794,84.7482943,15.16642645,75.02725422,48.55786799,71.7787321,30.74600142,86.01486469,41.49855794,80.99031768,91.79593972,30.576385,63.27214427,79.34286238,11.35354172,58.32982294,76.29460876,7.248796267,98.84203488,38.70594017,37.69506873,52.96491364,60.78189109,1.071496005,12.2017967,61.87738507,57.50799228,76.65559528,5.110583873,93.67113393,75.00750331,93.35811124,82.36432077,46.9467286,79.979749,67.97925774,0.429075514,9.579799813,45.437407,23.28771548,26.93979556,40.8898948,69.55276488,45.62942826,95.24739212,75.90759124,65.48885678,56.61492913,78.88169874,86.0846159,72.20277356
42.40497611,23.556975,4.715211969,86.11629007,73.9062055,17.08251184,88.35488514,0.250960328,55.63190405,64.19195194,1.873160596,94.2565395,54.61387767,67.36705801,86.09435586,91.63586423,42.43806479,51.69889254,59.78640637,56.233048,41.53924303,79.8677875,21.96517815,22.5443159,92.46803995,68.24250959,68.42635714,81.74322583,32.56221197,91.61855557,69.84574521,0.886569265,67.49779709,22.10399185,84.28915008,83.32569308,14.73150328,70.38939686,90.89023792,33.1195367,36.08499849,69.68578962,85.12538545,10.1824925,8.263727627,69.79311991,72.1338478,13.69144041,64.91872599,72.65068705,74.59998808
23.50921265,12.96153988,2.72677287,73.42905533,28.52048152,21.29930847,23.17261267,0.685389619,23.2853919,83.36184355,53.59281178,56.09988498,79.16534548,82.46626679,49.61280525,13.1900379,52.99346035,86.77071168,87.18755243,11.01284116,29.71889561,36.83615292,36.2340135,3.275104892,52.52110695,87.97530867,20.15966699,15.69115375,11.21202565,4.378970549,80.01580728,77.00273779,84.79859186,89.92821786,79.29784654,104.311101,82.49282737,11.50826022,89.59099322,38.30677867,48.4694866,61.56952193,83.29261768,6.133643794,46.80196901,87.49914719,80.91558553,51.16255076,80.90754605,11.28638065,93.1987793
87.36201169,20.6319314,8.221533336,21.96787016,89.76892312,5.594607838,56.49720153,47.57236461,21.70801945,74.23888376,72.65767218,26.34339349,20.58545812,29.01743788,73.48015441,17.77312567,29.77911578,83.57130056,41.34815224,72.21208799,14.48196943,75.21364512,24.46139555,45.66749609,43.95537663,81.25019602,91.15008011,32.39989839,85.16678803,41.77277177,70.12346673,80.08461201,84.78220235,81.67947545,74.39587036,86.75964554,47.79982457,0.955842831,67.43728928,15.7538455,25.83094772,18.68226561,76.64491098,95.32237172,42.2541484,78.07003339,76.69893631,90.82032526,73.38593625,21.66825102,77.99848632
57.39213242,45.76758677,68.52958989,98.53098872,90.22211225,49.29280693,49.5671473,82.79819102,15.76061156,1.440032328,80.24414962,18.43352425,4.231254593,10.26922434,85.13663684,73.19701535,34.34632844,11.76690531,76.36296623,86.0337568,32.61689509,58.18205082,2.593028871,68.64790437,20.91376502,1.142021041,19.79531755,10.24596188,27.12793807,73.45223962,1.085624008,98.02055031,1.286347264,20.56240181,1.309246742,1.384613963,64.00941778,81.54372412,83.17008102,79.92189685,71.64069854,52.97608471,1.216495467,54.78337819,5.367979757,1.108404221,1.164404744,5.056960648,1.402251385,80.41150556,1.253344608
99.69075334,31.19547092,69.44314006,85.87611341,31.63150786,64.62091079,78.92501447,90.66180575,1.837097271,84.45756157,72.19789932,87.38016977,46.77997623,70.68830791,78.30781497,42.56934454,47.44952277,50.77165007,55.79799849,54.58784481,57.51664869,56.59793681,75.8573621,79.40627644,7.250443241,101.25389,41.71850802,98.75485946,75.69982191,29.81195282,85.80148287,4.854582669,101.6601458,75.06402526,103.0804106,77.42624601,92.5331634,10.64550129,35.31231955,99.87521581,34.01428086,32.07763883,83.35204046,75.43037049,80.56518305,101.2157017,95.08827436,0.757422019,97.6330828,44.090676,89.99524056
24.99383977,55.37390567,59.65062315,23.8688932,77.60073598,72.27119431,18.01306217,98.15736592,59.23954619,83.93375369,8.351485943,34.7136359,11.78560071,16.19415437,3.326692409,7.955368864,31.3716091,90.64228858,95.42750879,29.06707278,50.93670746,71.70180483,65.01950878,93.63737567,89.3317533,100.6927418,28.99880034,38.28303358,7.236067438,57.20460785,78.35430323,56.09051399,99.14933591,9.182452969,102.231318,79.98067649,7.690395089,3.338894807,45.71269746,7.292095502,90.12941993,83.63392807,76.90434666,60.16790958,35.71964011,79.18153363,79.11507527,65.1101229,80.0824235,43.30290235,89.46999204
62.96506959,30.37492672,22.75130812,59.07638317,73.17136785,62.04013734,83.99507564,34.31356619,65.52953515,53.22938739,80.99522225,13.36481974,18.41966717,34.94118471,85.74252436,60.10379458,37.0991322,13.7900945,24.04191121,94.06968956,61.97490806,10.98589234,76.26475485,73.92829265,31.80441253,53.90546113,87.00770172,22.85044817,20.25179784,94.05087559,51.06174695,98.98468142,45.17377267,22.35493637,46.05856691,47.63145978,70.89369432,84.16586011,23.41921881,1.803412079,60.26618616,43.25633962,50.56466431,16.41739777,61.07175997,50.4124313,40.39635066,49.08460812,50.13558111,7.198675559,47.01495667
7.306141942,84.27886597,1.344878739,2.783208853,12.14433464,80.34563633,12.76260486,63.11840776,45.71488961,73.37824968,45.51097539,29.99407458,32.55329886,8.48343987,77.74195815,29.9146801,54.80651278,21.80821293,19.6654547,23.27018746,2.847091691,9.16420538,45.78926358,3.691926715,89.26551847,72.2320261,10.07500105,89.24288512,5.591069697,46.22543063,66.71462256,28.7136957,72.33335048,96.14277873,73.25369759,72.16499232,71.41024999,68.78016104,82.66634822,36.56466368,85.49274392,25.36262004,76.51328561,66.81606183,55.21022994,69.158251,61.13307261,43.00269457,69.09995724,35.13807063,67.37908809
91.0288926,94.40799747,32.97034178,80.95602538,68.56009464,13.92243174,78.61207931,12.11256257,78.42339117,37.79077008,57.09839461,85.45672586,23.98231435,32.54046303,62.72395845,99.2044087,18.46781359,19.36237789,13.63911675,0.795325032,83.15505905,32.61393448,67.97137747,91.77791507,60.52051012,40.03294415,38.55516952,15.02107643,56.57213801,11.70488035,35.57220109,91.776708,34.14604334,86.38868879,41.48809142,41.23894859,29.19396635,95.01864414,74.78456134,21.53098981,84.54376359,66.88325605,39.04959773,43.06861321,63.97997455,39.13782914,32.54726213,83.56734843,34.11645113,43.07559298,37.651169
59.49789395,54.39220334,60.88947873,99.47587445,53.44804644,47.30786709,75.91068959,88.63880855,11.01388503,79.74317747,20.26924205,22.30319933,6.540279184,89.46023348,62.73128306,32.70155056,89.45793023,72.15169491,4.375619162,39.40026481,28.72677555,12.0082512,84.65188877,79.90985592,70.32644278,95.432997,84.53111425,71.61949223,62.89024965,76.21760115,93.21666225,54.948986,70.85366184,13.26402565,95.27180227,89.13640204,55.66521301,82.63090716,5.492108315,3.770817281,8.932025731,37.94664487,95.4054619,20.20897814,73.7908246,87.89837455,79.43888581,14.80315244,91.07940719,43.95509011,83.2949047
95.90738909,80.81588135,94.82750769,22.12996981,18.99731439,37.43648387,16.60295296,43.00433674,0.182193075,50.2394597,78.58151856,12.42370359,51.25448168,20.77472624,21.63720834,63.49379227,57.59076837,43.74832178,23.50139595,71.22864835,12.71235941,60.15485807,34.30059389,64.73599998,19.74277934,52.70842704,93.67208888,81.88344256,48.57826743,80.55035213,55.07044495,0.386568299,48.25646883,43.68970087,55.20545225,44.78640974,34.91335171,18.9033346,62.43021768,21.71752988,35.15118223,75.39740873,53.55396761,98.37937783,74.36785912,52.75551254,50.79577301,83.30785199,51.70592931,87.17004163,50.48013162
66.3376604,41.84353957,70.77893368,8.420535922,35.17239369,54.26434723,53.93417042,67.33018497,86.10448549,45.59038213,53.80534525,76.785002,14.21555439,25.88297741,51.33772355,9.200380836,52.30601234,98.4098593,7.1435377,86.63764375,18.75917464,57.30029438,1.790633891,99.20546103,47.18270833,43.25145058,60.13290042,11.34770527,77.40224516,6.15866778,41.17541223,52.15537534,49.08766304,37.21538917,38.01759309,37.09933545,14.43328504,88.57559557,3.597739711,92.82307837,81.64046805,67.3312004,47.88030938,44.52086324,41.27840179,39.89048581,43.68189199,50.82183967,44.29368348,63.8014558,43.14729378
89.16498234,1.773712644,59.47218724,16.1271276,3.897179058,8.764456701,41.61308724,9.421067429,53.22001174,15.59147805,20.36210729,48.49813776,26.94988654,65.09825399,26.30070169,75.81785545,10.39398252,19.76417806,42.76078984,1.629941701,66.68951265,96.16600135,38.78174708,61.73849183,94.66574846,14.95131479,98.10102314,56.26966138,84.64654018,3.143981495,13.79550089,41.5667241,14.96184517,4.815375688,16.23489452,16.15527571,33.33878021,65.34530341,57.11463748,75.59617544,13.83577385,32.47828679,16.60652808,88.50299399,62.20480266,14.00247029,16.20617889,73.16646252,15.15764353,13.68247475,15.30798748
12.21963521,82.24007343,52.28795991,40.29706642,5.515683698,32.84996424,40.49370287,9.152583661,49.73616991,14.19342123,97.65260071,25.3528229,33.72538574,90.64266759,15.2201086,13.90033294,37.43409954,35.40847145,7.228920679,36.89562492,18.48279703,4.594874429,63.50384681,15.49206353,41.4137654,13.52640239,38.2862377,63.0217354,20.92751199,83.87977728,15.26887088,23.60746241,12.2831694,52.75418137,16.47468271,16.56750545,6.425236026,26.02175681,43.00935324,8.730269247,87.65279644,88.73788791,13.59785546,63.00567635,23.26403642,13.24287836,15.57261038,71.87895472,14.84045703,93.51738701,14.44042416
22.05265185,94.99813463,45.35021535,91.26314337,90.54939754,59.90099479,84.87719637,8.167491155,50.96277059,85.53392892,58.05708349,58.18243599,74.53831295,43.91684311,45.77303194,44.7685837,55.75398924,23.13734475,33.56482266,87.87145682,54.85970615,92.26665869,11.66067587,7.493673079,72.08497485,81.73695163,46.1972967,66.41076901,35.62661316,35.38085434,96.32257329,66.96960356,104.321217,26.92106916,97.64837688,96.98581791,86.96010818,19.07176385,16.40436121,63.90376994,89.40048364,93.55057634,101.8402736,29.60177672,5.263135652,80.21840123,90.37286559,94.77096426,94.60370567,68.99986868,90.74885007
11.2817643,95.90528747,77.49182996,46.30844411,95.77131493,14.69657465,11.64517489,12.79315369,1.478479733,48.03089124,24.41286261,79.4748765,74.52394136,64.10311966,96.68516892,57.95173175,76.90041892,63.85909913,19.11562232,16.18793169,6.312339171,71.57182673,63.89486818,48.00186614,3.112114803,38.05768927,21.21415595,58.4394197,94.04824194,97.89040945,39.48441093,85.89925992,42.37434334,80.37079887,35.82671374,39.65208217,0.958910887,36.64803023,3.947557998,11.38158669,47.13608522,55.95306549,39.87468927,17.32847651,41.13024466,47.74368241,45.46405748,28.90403415,36.01389327,59.61329248,41.8969342
37.65709386,92.30920277,61.29210286,15.02452237,21.29608425,42.07796534,38.71584616,40.31965218,97.19636487,59.70564403,70.46216743,50.3995507,83.78358705,18.60366429,44.13852941,69.34672354,38.2854071,32.47915446,46.3451796,12.44258261,19.14251016,34.85348565,41.03861698,28.47792758,89.61731028,60.1646403,35.64309699,41.13334736,77.66121658,42.80989191,72.50379837,92.82805833,70.72564546,11.14092933,64.20988541,68.4720237,35.64954535,38.58577374,16.08797682,75.85733021,75.18284176,33.48312872,70.61192182,54.66902517,68.71931897,66.93040234,74.69273094,78.65315471,75.01040776,39.79228328,68.59518145
28.41527897,11.10190682,37.56291918,66.27638808,75.70816102,35.89930658,45.94817783,75.57732726,12.52429057,31.12637245,82.87039264,80.98932537,82.69379376,75.74278321,86.58958192,24.25331639,83.38665403,78.28307478,39.13779033,79.26061815,25.93774193,85.35584139,7.057705242,47.52451519,65.86691854,31.70144203,67.22437947,4.670801573,51.12861481,46.40742822,25.78097884,23.4354283,27.72314731,95.59887284,31.24454661,29.19121452,35.4586639,87.47278235,80.7504918,84.49076586,46.30984634,17.32814428,29.73592901,20.30171133,59.06329714,27.72908921,25.80635664,61.18940327,28.89845549,18.08812183,28.47257089
3.183279093,32.84162802,38.84932145,48.83110474,35.66296855,51.14447,41.73767569,7.838627114,19.99766896,35.11929398,73.49448721,3.854140546,93.99286835,76.21283035,92.3143666,31.29099512,87.91685691,46.41833226,53.15604259,14.94924536,96.9706326,88.99882175,92.1202732,70.14173826,50.72308015,28.08611255,40.63052891,80.90303293,67.09474139,6.36223522,32.14804259,70.00763353,34.03302349,59.11119736,31.32110563,28.21201157,85.82755108,39.22101704,97.57903614,9.947922081,19.60073083,96.29216029,32.59995184,28.6413606,38.10407685,34.11107891,33.29364515,1.346604805,28.51102469,2.375132497,30.55957437
62.9632679,19.24567171,65.89487928,26.05850708,30.17055031,30.18503517,54.48445231,65.94875159,50.76441024,71.55255437,47.04050564,27.64408709,28.72501244,8.332538698,1.988482615,63.66172347,94.2254507,73.91744503,32.2735596,71.74414645,9.924988961,60.33193751,48.94032569,21.34363337,49.94402477,83.82415774,31.88863979,94.17087291,54.3140484,12.37608786,83.1804098,3.817150788,71.59745646,15.33326856,80.59481167,75.83871993,33.68278989,2.736771363,85.75349867,58.18300217,16.58364818,16.29592215,77.86885967,72.4955278,14.88797881,77.43948467,83.17420319,72.26544297,76.85418402,28.11620599,73.19421973
3.365415591,4.961240012,41.54834095,54.85366248,31.75006025,38.66209704,79.27752121,43.41207366,46.38665759,64.45284109,83.42085939,87.39983607,58.26862019,23.90644685,5.58964645,49.08183047,75.94631163,29.71900327,97.88672589,42.07416314,70.43080574,20.24870818,54.95889734,82.81628231,57.19278136,70.63885214,98.51206909,71.27099836,86.34091234,42.40946851,76.44250274,82.38536355,84.4732669,2.730217483,65.51961387,83.098616,60.93449807,73.35712789,58.50109137,16.13870352,10.59497395,89.43933079,73.91539733,71.81812082,24.45150972,69.4113778,84.09524743,62.50681395,68.02868366,40.03676288,73.89143845
18.96737148,8.287382568,5.213841097,89.75820506,6.727926503,93.57785126,84.24663865,83.23405145,29.67669535,6.931200195,43.39590471,16.09186078,16.76755876,12.80470639,91.75116587,65.88912739,95.99955936,68.90731521,73.26783328,14.14525388,0.852187513,85.38040936,32.02504653,30.56594159,14.49016207,7.494896188,93.85895028,48.69274427,82.99625393,52.3034282,7.977728434,99.27308424,8.047490467,90.94410436,8.195459569,6.673802688,32.82739494,99.58184515,13.4453739,70.72369826,73.52062073,29.6511166,7.847731724,38.76962324,81.44211487,7.488619132,7.068957837,2.152883937,8.595893424,20.48910246,7.683414873
45.0917433,85.0723068,59.67204331,83.06652161,91.33032386,45.40487707,70.90539329,45.31764111,22.32084898,38.12282938,53.96104814,60.4547936,45.86486388,6.465238705,76.31305938,73.02449106,66.39558729,84.99734325,79.85936559,21.48683255,15.83519143,64.06536491,48.83272934,61.93989639,35.89652933,38.44748042,73.85951332,39.07267188,50.89675034,73.72469862,49.81667289,11.80261478,40.96081596,51.71604306,50.46519546,40.0943202,35.86395786,22.66018318,31.93166826,65.14164652,74.60959852,41.23912251,38.32503847,59.91218642,86.73556871,49.81262168,45.41730623,18.29012053,48.24292851,79.12373811,44.14566464
